driverId,name,ssn,location,certified,wage-plan
10,Zachary Wall,790-97-5395,"44319 Kent Streets Apt. 192
North Jorgetown, PR 78299",Y,hours
11,Frank Neal,656-89-7010,"1341 Bryant Hill
West Michellemouth, NV 84373",Y,miles
12,Hayden Jones,864-75-7979,"5229 Adams Lodge
Klineburgh, WA 81142",N,miles
13,Joseph Howard,620-17-3329,"46274 Hill Circles Suite 205
Danielleland, KS 27487",Y,hours
14,Nathan Johnson,583-15-9958,"54034 Kevin Islands
Port Meganton, GU 62064",Y,miles
15,Michaela Young,271-29-8838,"883 Murphy Vista Apt. 590
West Timothy, VI 24289",N,hours
16,Gregory Williams,466-06-5957,"Unit 8751 Box 6776
DPO AP 74560",N,hours
17,Katherine Leon,743-88-6025,"414 Sarah Field Suite 790
Drakeland, KY 18029",Y,hours
18,Thomas Moses,525-84-1053,"029 Taylor Union Suite 417
North Terri, RI 37019",Y,hours
19,Madison Lewis,703-63-2754,"70966 Alex Unions Suite 005
West Louis, GU 16701",N,miles
20,Lawrence Watson,289-71-6213,"16337 Travis Port
Port Mario, NV 46301",Y,hours
21,Steven Potts,372-39-7060,"24308 Rollins Branch Suite 567
Port Jamie, MI 65751",Y,hours
22,Jason Peters,145-06-4486,"5099 Mcgee Pass
Joshuabury, NC 03893",Y,hours
23,Sandra French,626-11-8441,"236 Joseph Common Apt. 896
South Heather, PR 13495",Y,miles
24,Jacob Becker,777-15-7727,"Unit 2296 Box 8861
DPO AE 36290",Y,miles
25,Matthew Wallace,638-57-6873,"49638 Richmond Well
Matthewsbury, MD 96337",N,miles
26,Nicholas King,718-82-5779,"82275 Samantha Crest Suite 709
Port Amber, IA 08497",Y,hours
27,Desiree Phillips,884-86-6110,"2533 Jones Burgs Suite 823
Lake Richardhaven, UT 46558",Y,miles
28,Kevin Lee,500-33-7673,"PSC 2971, Box 4649
APO AE 93410",Y,miles
29,Phillip Miller,644-32-5033,"8149 Carly Unions
North Christopherberg, VA 85502",Y,miles
30,Susan Thomas,622-16-2584,"52426 Sandoval Pine
Port Alexanderton, VI 52704",N,miles
31,John Bennett,798-91-8188,"50984 Crawford Neck Suite 130
Morrisfort, IA 49134",N,hours
32,Patricia Morales,833-02-5368,"542 Tanya Divide
Judyport, MO 09649",Y,miles
33,Gary Martinez,233-12-4577,"76387 Moore Islands Apt. 273
Catherineville, TX 76589",Y,hours
34,Heather Riley,228-15-7432,"296 Oneal Village Suite 612
North Timothy, FM 20210",N,miles
35,Jeffrey Howard,262-49-4796,"66791 Kyle Street
Christianberg, OR 35720",Y,hours
36,Benjamin Johnson,352-47-3854,"8303 Kelsey Wells
Jacquelineton, TX 84759",Y,hours
37,Melissa Andrews,154-67-6807,"PSC 4314, Box 5423
APO AA 09535",N,hours
38,Cynthia Daniels,595-59-1841,"071 Sandra Creek Suite 249
Martinezview, AK 65818",Y,miles
39,Annette Walker,817-59-6108,"86864 Rubio Summit
New Martin, IN 02376",N,hours
40,Erin Marquez,659-83-9451,"76636 Tonya Station Apt. 706
Cindystad, AL 12512",Y,miles
41,Katherine Price,129-02-2368,"PSC 3248, Box 6017
APO AA 50775",N,miles
42,Jill Brown,785-66-5757,"6435 Smith Corners
Mathisfurt, NV 39380",N,miles
43,Kathryn Schroeder,400-11-6260,"6520 Parsons Forest
West Sethberg, VA 59958",Y,miles
44,Anthony Winters,255-88-4655,"0592 Jon Ville Apt. 881
Ellenmouth, WA 85224",N,miles
45,Kimberly Gates,113-99-0262,"2495 Michael Center
Edwardsland, RI 47739",Y,miles
46,Jacob Martinez,325-24-5602,"008 Victoria Creek
New Daisyland, DE 36470",N,miles
47,Laura Williams,674-99-3305,"PSC 9301, Box 9347
APO AP 06043",Y,miles
48,Richard Hanna,066-82-2587,"5033 Collin Groves Suite 641
Townsendmouth, AL 77686",N,miles
49,Michael Patterson,888-30-6604,"0487 Bailey Rue Suite 621
Nguyenshire, OK 42308",Y,miles
50,Maria Martin DDS,661-13-8651,"Unit 4182 Box 8663
DPO AP 88688",N,miles
51,Joseph Baker,141-58-3286,"3971 Roberto Villages Apt. 857
East Lynn, PR 51748",Y,miles
52,Courtney Lewis,203-24-1370,"8151 Sarah Trafficway
New Erik, TN 15525",N,miles
53,Mr. Jeffrey Diaz,284-28-2856,"94078 Watkins Parkway
North Meganchester, NM 62913",N,hours
54,Christopher Meyer,721-16-7663,"57114 Nicole Passage
Danielview, AK 61739",N,hours
55,Lauren Greene,687-39-3039,"59965 Aaron Brooks Suite 123
South Robert, DE 92946",Y,hours
56,Jenna Hansen,048-22-7206,"4991 Smith Ranch Suite 789
Thompsonview, NE 12997",N,miles
57,Ryan White,593-98-0838,"404 David Mountains Apt. 110
Valdeztown, OH 82229",N,hours
58,Adrienne Villa,087-12-6807,"USNS Brown
FPO AE 08022",Y,hours
59,Nicholas James,475-96-4958,"935 Marcus Mews
Burgessmouth, OR 15848",N,hours
60,Erin Matthews,482-56-9974,"72342 Eileen Valley Apt. 533
Jamestown, WI 68967",Y,miles
61,Heather Gomez,286-72-2771,"126 Rodriguez Camp Apt. 133
Randallland, SD 73860",Y,hours
62,Chris Martin,840-46-3570,"6805 Rhonda Village
New Barryside, MI 51621",Y,hours
63,Amy Oconnell,670-68-8009,"216 Jill Landing
Wongbury, AK 14100",Y,hours
64,Timothy Phillips,529-33-0740,"48128 Carter Shores Suite 716
Valdezfort, OR 74717",N,miles
65,Jacob Daniels,036-03-3189,"USNS Smith
FPO AA 63571",Y,hours
66,Michael Dominguez,243-08-2936,"4790 Gutierrez Rest Apt. 777
Lake Stephenmouth, SD 19374",Y,miles
67,Rachel Crosby,407-55-6703,"938 Virginia Crescent Apt. 486
Olsonmouth, AL 90792",N,miles
68,Kyle Ryan,656-22-8172,"963 Melissa Forks
Estradamouth, VT 63560",Y,hours
69,Leah Olsen,137-98-3931,"7952 Peterson Rapid
New Joshuaton, RI 91511",N,hours
70,Gabrielle Martin,417-66-1046,"717 Brown Garden
Shannonfurt, AS 45484",Y,miles
71,Kevin Parsons,095-55-2974,"464 Kim Wells
Cooperborough, MO 68947",Y,miles
72,Tony Freeman,393-57-1619,"Unit 2359 Box 5261
DPO AP 90676",N,hours
73,Shannon Spencer,237-23-1839,"8894 Thomas Port
New William, VI 43148",Y,miles
74,Jeffrey Robertson,260-39-0672,"018 Diana Stream
West Megan, MS 09457",Y,miles
75,Tracy Lopez,767-21-3575,"64852 Stacy Mills
East Erinshire, DE 98509",N,hours
76,William Nash,534-40-1843,"6492 Sharon Inlet
New Katrina, CT 36442",N,hours
77,Sandra Kaufman MD,810-34-4703,"3133 Cooper Square
Jenkinsmouth, VI 98158",Y,hours
78,Vanessa Russell,263-32-2166,"7066 Miller Courts Apt. 462
West Brianland, MA 72038",N,hours
79,Miss Rachel Carter,352-12-8160,"53560 Leach Road Apt. 156
Timothyside, WI 37765",Y,miles
80,John Mullins,020-54-5605,"13259 Good Fords
West Monica, MS 80591",Y,hours
81,Richard Bright,271-72-6949,"3072 Weaver Rapids Suite 270
Garciabury, TN 14534",N,hours
82,Benjamin Owens,406-62-9469,"04869 Matthew Ferry
Jeremymouth, OK 04759",Y,hours
83,Matthew Poole,615-26-4035,"862 Olivia Corner
Osbornmouth, AK 48215",N,hours
84,Shane Woodward,381-31-4796,"8610 Marc Glen Suite 433
West Dianetown, LA 51700",N,hours
85,Emily Sparks,086-65-4000,"29693 Flowers Hill Suite 651
Lake Brenda, VI 49291",N,hours
86,Scott Clark,382-95-1388,"21544 Miller Summit Apt. 123
Port Stephanieberg, SC 55891",N,hours
87,Julie Thomas,355-60-8888,"25077 Ramirez Wall
Port Robertburgh, PR 67886",Y,hours
88,Mason King,172-94-5987,"95586 Brown Corners
Sanchezbury, WA 34694",N,miles
89,Andrew Pugh,048-08-9100,"50487 William Overpass Suite 644
Drewview, AL 38859",Y,hours
90,Nicole Valencia,562-88-3227,"25470 Melinda Camp Apt. 535
Jenniferland, NC 27479",N,hours
91,Jeremiah Morris,664-71-9214,"03634 Kyle Branch Apt. 253
Johnsonberg, AL 12118",N,miles
92,Matthew Harvey,001-68-3882,"0019 William Port
Linborough, UT 85704",Y,miles
93,Brandon Nicholson,390-62-1294,"042 Ashley Shoal Apt. 876
Zavalaside, CA 31142",N,hours
94,Amanda Miller,624-86-3886,"1487 Jones Island Suite 959
Maystad, VT 65191",N,hours
95,David Hooper,833-38-5976,"002 Earl Lakes
Jeremymouth, UT 98501",N,miles
96,Shawn Holmes,713-52-7020,"90271 Cunningham Spring
Port Davidhaven, FM 28268",Y,miles
97,Olivia Long,356-92-6058,"92956 Tammy Alley Apt. 138
Brendatown, MH 47768",Y,hours
98,Danielle Cox,444-36-4520,"56388 Taylor Hollow
Martinezland, AZ 48893",Y,miles
99,Troy Shaw,398-60-5262,"5900 Tami Rapid Suite 920
New Lauriemouth, VT 68146",N,hours
100,Elizabeth Herrera,400-42-9355,"568 Maynard Circle Suite 828
Valeriemouth, CA 55034",N,miles
101,Keith Hubbard,310-67-2501,"27780 Humphrey Flat Apt. 730
Georgeview, MO 73351",Y,miles
102,Tiffany Arnold,379-37-1068,"05951 Erica Mountains
Hodgetown, WY 71567",Y,miles
103,Heidi Bond,545-63-2074,"436 Fitzgerald Lane
Jacobsmouth, DC 56625",Y,miles
104,Ryan Martinez,067-41-6326,"78871 Ochoa Views Apt. 922
Allenville, VT 98510",Y,miles
105,Stacy Bailey,169-59-1693,"Unit 3050 Box 6606
DPO AA 34984",Y,hours
106,James Bryant,614-43-6118,"07541 Shelby Burg Apt. 468
Lake Tarafurt, MH 19654",Y,miles
107,Michael Cole,293-71-2636,"356 Simmons Station
North Williammouth, NY 67758",Y,miles
108,Kelly Greene,865-04-4795,"2268 Kristin Wells
Valentinechester, SD 07582",N,hours
109,Brianna Rodriguez,109-23-0865,"870 Kelley Underpass Apt. 572
Russellshire, ME 66230",Y,hours
